<?xml version="1.0" encoding="UTF-8"?>
<catalog>
    <flower name="aster">
        <label>Asters</label>
        <price>$2.99</price>
        <text>The name Aster comes from the Ancient Greek word meaning star, referring to the shape of the flower head.</text>
        <pictures>
            <image size="small">aster_small.jpeg</image>
            <image size="large">aster_large.jpeg</image>
        </pictures>
    </flower>
    <flower name="carnation">
        <label>Carnations</label>
        <price>$1.99</price>
        <text>Carnations require well-drained, neutral to slightly alkaline soil, and full sun. Examples include Gina Porto, Helen and Red Rocket</text>
        <pictures>
            <image size="small">carnation_small.jpeg</image>
            <image size="large">carnation_large.jpeg</image>
        </pictures>
    </flower>
    <flower name="daffodil">
        <label>Daffodils</label>
        <price>$1.99</price>
        <text>Daffodil is a common English name, sometimes used for all varieties, and commonly used by the American Daffodil Society</text>
        <pictures>
            <image size="small">daffodil_small.jpeg</image>
            <image size="large">daffodil_large.jpeg</image>
        </pictures>
    </flower>
    <flower name="rose">
        <label>Roses</label>
        <price>$4.99</price>
        <text>A rose is a woody perennial within the family Rosaceae. They form a group of erect shrubs, and climbing or trailing plants.</text>
        <pictures>
            <image size="small">rose_small.jpeg</image>
            <image size="large">rose_large.jpeg</image>
        </pictures>
    </flower>
    <flower name="orchid">
        <label>Orchids</label>
        <price>$10.99</price>
        <text>The orchid family is a diverse and widespread family in the order Asparagales. It is one of the largest families of flowering plants.</text>
        <pictures>
            <image size="small">orchid_small.jpeg</image>
            <image size="large">orchid_large.jpeg</image>
        </pictures>
    </flower>
</catalog>