<?xml version="1.0" encoding="UTF-8"?>
<catalog>
    <cat name="russianblue">
        <label>Russian Blue</label>
        <price>$2000.99</price>
        <text>The Russian Blue is a cat breed that comes in colors varying from a light shimmering silver to a darker,
            slate grey. They develop close bonds with their owners and are sought out as pets due to their
            personalities, beauty and coat. It is their short, dense coat which has been the hallmark of the Russian
            breed.
        </text>
        <pictures>
            <image size="small">russianblue_small.jpg</image>
            <image size="large">russianblue_large.jpg</image>
        </pictures>
    </cat>
    <cat name="norwegianforestcat">
        <label>Norwegian Forest Cat</label>
        <price>$1500.99</price>
        <text>Norwegian Forest Cat is a breed of domestic cat originating in Northern Europe.[1] This natural breed is
            adapted to a very cold climate, with a top coat of glossy, long, water-shedding hairs and a woolly undercoat
            for insulation.
        </text>
        <pictures>
            <image size="small">norwegianforestcat_small.jpg</image>
            <image size="large">norwegianforestcat_large.jpg</image>
        </pictures>
    </cat>
    <cat name="persiancat">
        <label>Persian Cat</label>
        <price>$1200.99</price>
        <text>The Persian cat is a long-haired breed of cat characterized by its round face and short muzzle. It is also
            known as the "Persian Longhair" in the English-speaking countries. In the Middle East region they are widely
            known as "Iranian cat"
            and in Iran they are known as "Shirazi cat".
        </text>
        <pictures>
            <image size="small">persiancat_small.jpg</image>
            <image size="large">persiancat_large.jpg</image>
        </pictures>
    </cat>
    <cat name="scottishfold">
        <label>Scottish Fold</label>
        <price>$4000.99</price>
        <text>The Scottish Fold is a breed of domestic cat with a natural dominant-gene mutation that affects cartilage
            throughout the body, causing the ears to "fold,” bending forward and down towards the front of the head,
            which gives the cat what is often described as an "owl-like" appearance.
        </text>
        <pictures>
            <image size="small">scottishfold_small.jpg</image>
            <image size="large">scottishfold_large.jpg</image>

        </pictures>
    </cat>
    <cat name="britishshorthair">
        <label>British Short Hair</label>
        <price>$1300.99</price>
        <text>The British Shorthair is the pedigreed version of the
            traditional British domestic cat, with a distinctively chunky body,
            dense coat and broad face. The most familiar color variant is the
            "British Blue", a solid blue-gray with copper eyes, medium tail,
            but the breed has also been developed in a wide range of other
            colours and patterns, including tabby and colorpoint.
        </text>
        <pictures>
            <image size="small">britishshorthair_small.jpg</image>
            <image size="large">britishshorthair_large.jpg</image>

        </pictures>
    </cat>
</catalog>