<cars>
<car>
	<name>TOYOTA</name>
	<country>JAPAN</country>
	<pic>toyota.jpg</pic>
	<description>Toyota has announced that it will recall a total of 778,000 units that may have been manufactured with improperly-tightened nuts on the rear suspension.</description>
</car>
<car>
	<name>FORD</name>
	<country>USA</country>
	<pic>ford.jpg</pic>
	<description>Toyota has announced that it will recall a total of 778,000 units that may have been manufactured with improperly-tightened nuts on the rear suspension.</description>
</car>
</cars>
